{"cameraMode":{"drawMode":0,"name":"Shaded","section":"Shading Mode"},"sceneLighting":false,"audioPlay":false,"sceneViewState":{"m_AlwaysRefresh":false,"showFog":true,"showSkybox":false,"showFlares":true,"showImageEffects":true,"showParticleSystems":true,"showVisualEffectGraphs":true,"m_FxEnabled":false},"in2DMode":false,"pivot":{"x":-0.43293431401252749,"y":1.4496921300888062,"z":-0.7786755561828613},"rotation":{"x":-0.006908507086336613,"y":0.9836710095405579,"z":-0.038687288761138919,"w":-0.17564646899700166},"size":2.1938211917877199,"orthographic":false}