{"cameraMode":{"drawMode":0,"name":"Shaded","section":"Shading Mode"},"sceneLighting":true,"audioPlay":false,"sceneViewState":{"m_AlwaysRefresh":false,"showFog":true,"showSkybox":true,"showFlares":true,"showImageEffects":true,"showParticleSystems":true,"showVisualEffectGraphs":true,"m_FxEnabled":false},"in2DMode":false,"pivot":{"x":17.168357849121095,"y":5.499076843261719,"z":1.2506893873214722},"rotation":{"x":-0.21151432394981385,"y":-0.040453698486089709,"z":0.008762817829847336,"w":-0.9764997363090515},"size":0.9226847290992737,"orthographic":false}