{"cameraMode":{"drawMode":0,"name":"Shaded","section":"Shading Mode"},"sceneLighting":true,"audioPlay":true,"sceneViewState":{"m_AlwaysRefresh":false,"showFog":true,"showSkybox":true,"showFlares":true,"showImageEffects":true,"showParticleSystems":true,"showVisualEffectGraphs":true,"m_FxEnabled":false},"in2DMode":false,"pivot":{"x":17.609655380249025,"y":1.841834306716919,"z":1.1330448389053345},"rotation":{"x":-0.25787365436553957,"y":-0.31393861770629885,"z":0.08902165293693543,"w":-0.9094067811965942},"size":0.8660253882408142,"orthographic":false}